city,latitude,longitude,state,building_id,population,fiber_available,bandwidth_capacity,used_bandwidth,ports_total,ports_used,utilization,demand_score,demand_type,potential_customers,fiber_connected,equipment_installed,readiness_score,arpu,current_revenue,predicted_revenue,expansion_cost,roi,leads,campaigns_active,conversion_rate,sales_stage,current_orders,expected_orders
Abohar,30.144533,74.19552,Punjab,0,500000,1,17.034541150916557,11.862400809080423,224,153,0.696373368908863,0.02010050251256281,1G,100,1,0,0.6,170.4604536942945,17046.04536942945,20725.43483602843,183881,-0.8872888724989073,100,2,0.092297742867551,Prospect,9,20
Adilabad,19.4,78.31,Telangana,1,5000000,0,170.3454115091656,118.62400809080425,2247,1544,0.696373368908863,0.24623115577889446,1G,12311,0,0,0.0,214.4530710904276,2640131.7581942542,3456606.8671377907,519254,5.656870947817042,12311,0,0.09411268135369906,Closed,1158,1166
Agartala,23.836049,91.279386,Tripura,2,100000,1,3.4069082301833116,2.372480161816085,44,30,0.696373368908863,0.0,1G,0,1,1,1.0,166.6676023542786,0.0,0.0,594315,-1.0,0,0,0.23355492130130656,Prospect,0,8
Agra,27.187935,78.003944,Uttar Pradesh,3,5000000,1,170.3454115091656,118.62400809080425,2247,1544,0.696373368908863,0.24623115577889446,1G,12311,1,1,1.0,267.84079022597257,3297387.9684719485,4708818.768185092,581847,7.0928814072859225,12311,1,0.21483964480622175,Closed,2644,2657
Ahmadnagar,19.094571,74.738432,Maharashtra,4,1000000,0,34.06908230183311,23.724801618160846,449,308,0.696373368908863,0.04522613065326632,1G,452,0,0,0.0,211.38084349719162,95544.14126073061,118592.62209292417,1773393,-0.9331267112856969,452,2,0.10019593180766441,Negotiation,45,50
Ahmedabad,23.025793,72.587265,Gujarat,5,20000000,1,681.3816460366623,474.496032363217,8991,6178,0.696373368908863,1.0,100G,200000,1,0,0.6,296.3904623315798,59278092.466315955,85452280.34937058,290214,293.4457550268787,200000,3,0.08010856993726469,Closed,16021,16026
Aizawl  ,23.736701,92.714596,Mizoram,6,500000,0,17.034541150916557,11.862400809080423,224,153,0.696373368908863,0.02010050251256281,1G,100,0,0,0.0,171.60360532853633,17160.360532853632,23638.11530727536,1384832,-0.9829306982310667,100,2,0.26586512899639936,Negotiation,26,34
Ajmer,26.452103,74.638667,Rajasthan,7,20000000,1,681.3816460366623,474.496032363217,8991,6178,0.696373368908863,1.0,100G,200000,1,1,1.0,198.592913669016,39718582.733803205,48200808.587136164,690805,68.77484034877594,200000,9,0.2716649667787537,Closed,54332,54351
Akola,20.709569,76.998103,Maharashtra,8,500000,0,17.034541150916557,11.862400809080423,224,153,0.696373368908863,0.02010050251256281,1G,100,0,0,0.0,175.36652978130354,17536.652978130354,20715.429228667228,965855,-0.9785522369002934,100,2,0.14482826066632182,Prospect,14,20
Alappuzha,9.494647,76.331108,Kerala,9,10000000,1,340.6908230183312,237.2480161816085,4495,3088,0.696373368908863,0.49748743718592964,10G,49748,1,0,0.6,235.22753558012425,11702099.440040022,14491481.04360898,667018,20.725772083525452,49748,1,0.20634256641801568,Closed,10265,10281
Aligarh,27.881453,78.07464,Uttar Pradesh,10,500000,1,17.034541150916557,11.862400809080423,224,153,0.696373368908863,0.02010050251256281,1G,100,1,0,0.6,272.67089998590126,27267.089998590127,33638.11985391786,728647,-0.9538348200789712,100,1,0.11847988295472618,Prospect,11,17
Alipurduar,26.4835,89.522855,West Bengal,11,100000,0,3.4069082301833116,2.372480161816085,44,30,0.696373368908863,0.0,1G,0,0,0,0.0,246.8553051684375,0.0,0.0,898198,-1.0,0,0,0.2740796025930693,Prospect,0,12
Allahabad,25.44478,81.843217,Uttar Pradesh,12,100000,1,3.4069082301833116,2.372480161816085,44,30,0.696373368908863,0.0,1G,0,1,0,0.6,290.72704901743106,0.0,0.0,480931,-1.0,0,4,0.236043535472866,Prospect,0,9
Alwar,27.566291,76.610202,Rajasthan,13,10000000,1,340.6908230183312,237.2480161816085,4495,3088,0.696373368908863,0.49748743718592964,10G,49748,1,1,1.0,298.2864668374836,14839155.152231134,19163485.759837102,501917,37.18058714854668,49748,4,0.285448025257679,Closed,14200,14218
Ambala,30.360993,76.797819,Haryana,14,20000000,1,681.3816460366623,474.496032363217,8991,6178,0.696373368908863,1.0,100G,200000,1,0,0.6,159.25721896009188,31851443.792018376,45250398.92028588,191598,235.1736496220518,200000,8,0.25656701168999657,Closed,51313,51330
Amaravati,20.933272,77.75152,Maharashtra,15,5000000,1,170.3454115091656,118.62400809080425,2247,1544,0.696373368908863,0.24623115577889446,1G,12311,1,0,0.6,185.57551954990782,2284620.2211789154,3254028.115020712,613473,4.304272747163627,12311,2,0.12657499698521607,Closed,1558,1564
Amritsar,31.622337,74.875335,Punjab,16,20000000,1,681.3816460366623,474.496032363217,8991,6178,0.696373368908863,1.0,100G,200000,1,1,1.0,178.65085576214818,35730171.15242963,46697381.25590648,338634,136.89926958281353,200000,4,0.26918768517519065,Closed,53837,53855
Asansol,23.683333,86.983333,West Bengal,17,500000,0,17.034541150916557,11.862400809080423,224,153,0.696373368908863,0.02010050251256281,1G,100,0,0,0.0,278.0394709401859,27803.94709401859,41631.78625156421,1771771,-0.9765027273549661,100,0,0.1680271175832419,Prospect,16,21
Aurangabad,19.880943,75.346739,Maharashtra,18,10000000,1,340.6908230183312,237.2480161816085,4495,3088,0.696373368908863,0.49748743718592964,10G,49748,1,1,1.0,209.12006017987602,10403304.753828472,14450623.103256421,603632,22.93945831774396,49748,3,0.2920258835958757,Closed,14527,14544
Aurangabad,24.752037,84.374202,Bihar,19,1000000,0,34.06908230183311,23.724801618160846,449,308,0.696373368908863,0.04522613065326632,1G,452,0,0,0.0,197.73519074905136,89376.30621857122,105200.31298727517,1258718,-0.9164226514697691,452,2,0.18191935001693293,Closed,82,95
Bakshpur,25.894283,80.792104,Uttar Pradesh,20,1000000,1,34.06908230183311,23.724801618160846,449,308,0.696373368908863,0.04522613065326632,1G,452,1,1,1.0,285.7824885754959,129173.68483612414,157759.905469081,379507,-0.584303041922597,452,0,0.27324138377725005,Closed,123,142
Bamanpuri,28.804495,79.040305,Uttar Pradesh,21,500000,0,17.034541150916557,11.862400809080423,224,153,0.696373368908863,0.02010050251256281,1G,100,0,0,0.0,185.0003867921775,18500.03867921775,24787.038948077872,1480510,-0.9832577699927201,100,2,0.09356405846815478,Prospect,9,24
Baramula,34.209004,74.342853,Jammu and Kashmir,22,500000,0,17.034541150916557,11.862400809080423,224,153,0.696373368908863,0.02010050251256281,1G,100,0,0,0.0,251.43034143796086,25143.034143796085,28912.34886869026,1040455,-0.972211821877265,100,1,0.2969999783402364,Negotiation,29,41
Barddhaman,23.255716,87.856906,West Bengal,23,100000,0,3.4069082301833116,2.372480161816085,44,30,0.696373368908863,0.0,1G,0,0,0,0.0,216.6145010878077,0.0,0.0,1616786,-1.0,0,4,0.10742997413163709,Prospect,0,12
Bareilly,28.347023,79.421934,Uttar Pradesh,24,1000000,0,34.06908230183311,23.724801618160846,449,308,0.696373368908863,0.04522613065326632,1G,452,0,0,0.0,263.0120934032616,118881.46621827423,141354.9546203942,1537921,-0.9080869858592254,452,0,0.22661582608802155,Closed,102,114
Belgaum,15.862643,74.508534,Karnataka,25,5000000,0,170.3454115091656,118.62400809080425,2247,1544,0.696373368908863,0.24623115577889446,1G,12311,0,0,0.0,287.35794503491763,3537663.661324871,5094531.938288212,1267864,3.0182006416210347,12311,0,0.2604273509812549,Closed,3206,3216
Bellary,15.142049,76.92398,Karnataka,26,5000000,1,170.3454115091656,118.62400809080425,2247,1544,0.696373368908863,0.24623115577889446,1G,12311,1,0,0.6,240.5468141748772,2961371.829306913,4104529.630935415,753497,4.4473071968905185,12311,2,0.2758942434592856,Closed,3396,3409
Bengaluru,12.977063,77.587106,Karnataka,27,5000000,1,170.3454115091656,118.62400809080425,2247,1544,0.696373368908863,0.24623115577889446,1G,12311,1,1,1.0,199.13366888022372,2451534.5975844343,2820468.1017350554,346230,7.14622679067399,12311,1,0.2107516016482217,Closed,2594,2609
Bhagalpur,25.244462,86.971832,Bihar,28,20000000,1,681.3816460366623,474.496032363217,8991,6178,0.696373368908863,1.0,100G,200000,1,0,0.6,158.84964687901072,31769929.375802144,47295056.178419255,541136,86.3995745587417,200000,9,0.18767333766551664,Closed,37534,37544
Bharatpur,27.215251,77.492786,Rajasthan,29,500000,0,17.034541150916557,11.862400809080423,224,153,0.696373368908863,0.02010050251256281,1G,100,0,0,0.0,233.61830064635524,23361.830064635524,27392.033500017602,521973,-0.94752212566547,100,4,0.14512212285052578,Prospect,14,28
Bharauri,27.598203,81.694709,Uttar Pradesh,30,500000,0,17.034541150916557,11.862400809080423,224,153,0.696373368908863,0.02010050251256281,1G,100,0,0,0.0,175.851872675037,17585.187267503698,21191.67675325585,638187,-0.9667939385270212,100,0,0.289188319008691,Negotiation,28,43
Bhatpara,22.866431,88.401129,West Bengal,31,5000000,1,170.3454115091656,118.62400809080425,2247,1544,0.696373368908863,0.24623115577889446,1G,12311,1,1,1.0,246.87701793589775,3039302.967808837,4429966.005293773,309037,13.33474310614513,12311,2,0.19773351016935437,Closed,2434,2441
Bhavnagar,21.774455,72.152496,Gujarat,32,5000000,1,170.3454115091656,118.62400809080425,2247,1544,0.696373368908863,0.24623115577889446,1G,12311,1,1,1.0,254.86084476385366,3137591.8598878025,3905122.540228313,572451,5.8217586137998065,12311,2,0.17175825326844224,Closed,2114,2130
Bhilai,21.209188,81.428497,Chhattisgarh,33,20000000,1,681.3816460366623,474.496032363217,8991,6178,0.696373368908863,1.0,100G,200000,1,1,1.0,278.72321465543826,55744642.93108765,74140859.64968425,608102,120.9217493934969,200000,8,0.09191497145827544,Closed,18382,18400
Bhilwara,25.347071,74.640812,Rajasthan,34,10000000,1,340.6908230183312,237.2480161816085,4495,3088,0.696373368908863,0.49748743718592964,10G,49748,1,0,0.6,193.12920717294276,9607791.798439557,12258867.634930812,387002,30.676496852550663,49748,2,0.20030006633392078,Closed,9964,9978
Bhiwandi,19.300229,73.058813,Maharashtra,35,100000,0,3.4069082301833116,2.372480161816085,44,30,0.696373368908863,0.0,1G,0,0,0,0.0,219.68573435176273,0.0,0.0,1255744,-1.0,0,2,0.1721861966166816,Prospect,0,14
Bhiwani,28.793044,76.13968,Haryana,36,100000,0,3.4069082301833116,2.372480161816085,44,30,0.696373368908863,0.0,1G,0,0,0,0.0,180.95812339110867,0.0,0.0,1565005,-1.0,0,2,0.22128907704636713,Prospect,0,15
Bhopal ,23.254688,77.402892,Madhya Pradesh,37,500000,0,17.034541150916557,11.862400809080423,224,153,0.696373368908863,0.02010050251256281,1G,100,0,0,0.0,207.02109815416938,20702.109815416938,24297.551020361392,1399695,-0.9826408245936711,100,4,0.10516898996528874,Prospect,10,29
Bhubaneshwar,20.272411,85.833853,Odisha,38,500000,0,17.034541150916557,11.862400809080423,224,153,0.696373368908863,0.02010050251256281,1G,100,0,0,0.0,286.376192929496,28637.619292949603,40941.83540978341,1147989,-0.9643360385772135,100,4,0.2558696227774416,Negotiation,25,39
Bhuj,23.253972,69.669281,Gujarat,39,5000000,1,170.3454115091656,118.62400809080425,2247,1544,0.696373368908863,0.24623115577889446,1G,12311,1,1,1.0,228.18691630814934,2809209.1266696267,3218343.7004515687,302278,9.646966370200838,12311,0,0.28852516242444365,Closed,3552,3561
Bhusaval,21.043649,75.785058,Maharashtra,40,500000,0,17.034541150916557,11.862400809080423,224,153,0.696373368908863,0.02010050251256281,1G,100,0,0,0.0,251.5166781899893,25151.667818998932,31127.130127309872,1437290,-0.9783431804804111,100,4,0.2072245195110522,Prospect,20,28
Bidar,17.913309,77.530105,Karnataka,41,500000,0,17.034541150916557,11.862400809080423,224,153,0.696373368908863,0.02010050251256281,1G,100,0,0,0.0,277.63203589911626,27763.203589911627,40051.55878655816,1724679,-0.976777383625267,100,0,0.1232688909258705,Prospect,12,17
Bijapur,16.827715,75.718988,Karnataka,42,10000000,1,340.6908230183312,237.2480161816085,4495,3088,0.696373368908863,0.49748743718592964,10G,49748,1,1,1.0,180.20275857599745,8964726.83363872,12888317.459122287,138018,92.38142459043232,49748,2,0.2744107435341289,Closed,13651,13656
Bikaner,28.017623,73.314955,Rajasthan,43,1000000,0,34.06908230183311,23.724801618160846,449,308,0.696373368908863,0.04522613065326632,1G,452,0,0,0.0,192.863467124849,87174.28714043174,118933.45549730894,955825,-0.87556984228566,452,4,0.05207764184238052,Negotiation,23,37
Bilaspur,22.080046,82.155431,Chhattisgarh,44,5000000,1,170.3454115091656,118.62400809080425,2247,1544,0.696373368908863,0.24623115577889446,1G,12311,1,1,1.0,285.6551762331321,3516700.8746060897,4778844.813279111,256057,17.663207072171865,12311,2,0.16392742748477618,Closed,2018,2033
Brahmapur,19.311514,84.792903,Odisha,45,5000000,1,170.3454115091656,118.62400809080425,2247,1544,0.696373368908863,0.24623115577889446,1G,12311,1,0,0.6,183.55306232919898,2259721.7503347686,3237237.4268669863,145738,21.212720271082258,12311,1,0.16501134126084244,Closed,2031,2049
Budaun,28.038114,79.126677,Uttar Pradesh,46,500000,1,17.034541150916557,11.862400809080423,224,153,0.696373368908863,0.02010050251256281,1G,100,1,0,0.6,168.94919123220373,16894.919123220374,23813.434607825195,215566,-0.8895306560040768,100,1,0.1683590151860211,Prospect,16,21
Bulandshahr,28.403922,77.857731,Uttar Pradesh,47,10000000,1,340.6908230183312,237.2480161816085,4495,3088,0.696373368908863,0.49748743718592964,10G,49748,1,1,1.0,174.42213584795576,8677152.414164104,11642997.30042662,178528,64.21664557059184,49748,2,0.09294207918457258,Closed,4623,4641
Calicut,11.248016,75.780402,Kerala,48,100000,0,3.4069082301833116,2.372480161816085,44,30,0.696373368908863,0.0,1G,0,0,0,0.0,190.70111858819143,0.0,0.0,578269,-1.0,0,4,0.25085475854475703,Prospect,0,12
Chanda,19.950758,79.295229,Maharashtra,49,20000000,1,681.3816460366623,474.496032363217,8991,6178,0.696373368908863,1.0,100G,200000,1,1,1.0,173.83682925450665,34767365.85090133,44831995.06020455,110456,404.88103009528277,200000,9,0.11261520296817433,Closed,22523,22529
Chandigarh ,30.736292,76.788398,Chandigarh,50,100000,1,3.4069082301833116,2.372480161816085,44,30,0.696373368908863,0.0,1G,0,1,1,1.0,190.1507002765842,0.0,0.0,407805,-1.0,0,1,0.17266491468633022,Prospect,0,9
Chennai,13.084622,80.248357,Tamil Nadu ,51,500000,1,17.034541150916557,11.862400809080423,224,153,0.696373368908863,0.02010050251256281,1G,100,1,1,1.0,211.58069446652928,21158.069446652928,27473.038419665645,520158,-0.947183281964969,100,2,0.185644887927163,Prospect,18,24
Chikka Mandya,12.545602,76.895078,Karnataka,52,1000000,1,34.06908230183311,23.724801618160846,449,308,0.696373368908863,0.04522613065326632,1G,452,1,1,1.0,298.3516449320548,134854.94350928877,173129.9041055803,326786,-0.47020403534551575,452,0,0.21346774705354432,Closed,96,104
Chirala,15.823849,80.352187,Andhra Pradesh,53,100000,1,3.4069082301833116,2.372480161816085,44,30,0.696373368908863,0.0,1G,0,1,1,1.0,296.0118290250189,0.0,0.0,186039,-1.0,0,0,0.15150751858541806,Prospect,0,11
Coimbatore,11.005547,76.966122,Tamil Nadu ,54,1000000,1,34.06908230183311,23.724801618160846,449,308,0.696373368908863,0.04522613065326632,1G,452,1,1,1.0,298.72566142593587,135023.99896452302,189424.84058602358,617212,-0.6930959855187139,452,2,0.20461213794320737,Closed,92,102
Cuddalore,11.746289,79.764362,Tamil Nadu ,55,100000,1,3.4069082301833116,2.372480161816085,44,30,0.696373368908863,0.0,1G,0,1,1,1.0,238.67459070210305,0.0,0.0,583291,-1.0,0,4,0.21735055181375457,Prospect,0,5
Cuttack,20.522922,85.78813,Odisha,56,100000,1,3.4069082301833116,2.372480161816085,44,30,0.696373368908863,0.0,1G,0,1,1,1.0,283.0371023278126,0.0,0.0,337511,-1.0,0,4,0.16506568830377782,Prospect,0,13
Daman,20.414315,72.83236,Daman and Diu,57,1000000,1,34.06908230183311,23.724801618160846,449,308,0.696373368908863,0.04522613065326632,1G,452,1,0,0.6,154.44653024899964,69809.83167254784,90082.45091147855,768582,-0.8827939622428335,452,0,0.2522662240169666,Closed,114,119
Davangere,14.469237,75.92375,Karnataka,58,10000000,1,340.6908230183312,237.2480161816085,4495,3088,0.696373368908863,0.49748743718592964,10G,49748,1,1,1.0,253.97128925802897,12634563.698008426,16964448.80730561,121667,138.4334438040357,49748,3,0.21251560553512566,Closed,10572,10583
DehraDun,30.324427,78.033922,Uttarakhand,59,20000000,1,681.3816460366623,474.496032363217,8991,6178,0.696373368908863,1.0,100G,200000,1,1,1.0,284.2660768391123,56853215.36782246,67410231.996099,728390,91.54689382899133,200000,8,0.09508652908056058,Closed,19017,19033
Delhi,28.651952,77.231495,Delhi,60,500000,1,17.034541150916557,11.862400809080423,224,153,0.696373368908863,0.02010050251256281,1G,100,1,1,1.0,258.0422738582127,25804.22738582127,30704.677437079892,118216,-0.7402663138908447,100,0,0.2887701196708615,Negotiation,28,36
Dhanbad,23.801988,86.443244,Jharkhand,61,1000000,0,34.06908230183311,23.724801618160846,449,308,0.696373368908863,0.04522613065326632,1G,452,0,0,0.0,265.9660458199859,120216.65271063361,177198.03031867679,1799073,-0.9015059253745252,452,3,0.18543223696008865,Closed,83,99
Dibrugarh,27.479888,94.90837,Assam,62,20000000,1,681.3816460366623,474.496032363217,8991,6178,0.696373368908863,1.0,100G,200000,1,1,1.0,216.2352643719526,43247052.87439052,51061940.38838012,765962,65.66380367221888,200000,7,0.10619511908486066,Closed,21239,21244
Dindigul,10.362853,77.975827,Tamil Nadu ,63,100000,1,3.4069082301833116,2.372480161816085,44,30,0.696373368908863,0.0,1G,0,1,0,0.6,201.10641173907473,0.0,0.0,510362,-1.0,0,4,0.2891914279631888,Prospect,0,11
Dispur,26.135638,91.800688,Assam,64,100000,1,3.4069082301833116,2.372480161816085,44,30,0.696373368908863,0.0,1G,0,1,1,1.0,221.2650495147459,0.0,0.0,465051,-1.0,0,4,0.26541334976878717,Prospect,0,9
Diu,20.715115,70.987952,Daman and Diu,65,20000000,1,681.3816460366623,474.496032363217,8991,6178,0.696373368908863,1.0,100G,200000,1,1,1.0,265.6362338958495,53127246.7791699,76539948.37954146,658864,115.16957123099981,200000,8,0.1632802461888922,Closed,32656,32670
Faridabad,28.411236,77.313162,Haryana,66,20000000,1,681.3816460366623,474.496032363217,8991,6178,0.696373368908863,1.0,100G,200000,1,1,1.0,203.7691272201732,40753825.44403464,47320803.66069201,158063,298.37938455357676,200000,8,0.22441007677872188,Closed,44882,44889
Firozabad,27.150917,78.397808,Uttar Pradesh,67,100000,0,3.4069082301833116,2.372480161816085,44,30,0.696373368908863,0.0,1G,0,0,0,0.0,196.72424407448653,0.0,0.0,1646933,-1.0,0,0,0.1007626825913608,Prospect,0,12
Fyzabad,26.775486,82.150182,Uttar Pradesh,68,500000,0,17.034541150916557,11.862400809080423,224,153,0.696373368908863,0.02010050251256281,1G,100,0,0,0.0,211.60480330214173,21160.480330214174,23368.286936284596,1525226,-0.9846788037075919,100,2,0.16150272583635894,Prospect,16,33
Gangtok,27.325739,88.612155,Sikkim,69,20000000,1,681.3816460366623,474.496032363217,8991,6178,0.696373368908863,1.0,100G,200000,1,1,1.0,188.65780443215058,37731560.886430115,49865659.42512402,741715,66.2302156827407,200000,8,0.14528283635831057,Closed,29056,29064
Gaya,24.796858,85.003852,Bihar,70,5000000,1,170.3454115091656,118.62400809080425,2247,1544,0.696373368908863,0.24623115577889446,1G,12311,1,1,1.0,261.0829446793459,3214192.1319474275,4745491.152651984,275734,16.210395354406725,12311,2,0.1398397012795779,Closed,1721,1732
Ghandinagar,23.216667,72.683333,Gujarat,71,500000,0,17.034541150916557,11.862400809080423,224,153,0.696373368908863,0.02010050251256281,1G,100,0,0,0.0,284.36057566292084,28436.057566292082,37846.82864040978,546138,-0.9307009791656874,100,0,0.12079639418500775,Prospect,12,24
Ghaziabad,28.665353,77.439148,Uttar Pradesh,72,20000000,1,681.3816460366623,474.496032363217,8991,6178,0.696373368908863,1.0,100G,200000,1,1,1.0,191.99902175226637,38399804.35045327,45366026.51282456,244114,184.83951151029666,200000,3,0.24704500643856203,Closed,49409,49425
Gopalpur,26.735389,83.38064,Uttar Pradesh,73,1000000,0,34.06908230183311,23.724801618160846,449,308,0.696373368908863,0.04522613065326632,1G,452,0,0,0.0,286.8797163170441,129669.63177530393,183378.57156882435,1033322,-0.8225349198325166,452,4,0.13392645990901608,Closed,60,70
Gulbarga,17.335827,76.83757,Karnataka,74,5000000,1,170.3454115091656,118.62400809080425,2247,1544,0.696373368908863,0.24623115577889446,1G,12311,1,1,1.0,192.6911617981247,2372220.892896713,3191778.009569361,129621,23.623926752373155,12311,4,0.19991299788114297,Closed,2461,2475
Guntur,16.299737,80.457293,Andhra Pradesh,75,20000000,1,681.3816460366623,474.496032363217,8991,6178,0.696373368908863,1.0,100G,200000,1,1,1.0,159.97952646521688,31995905.293043375,37580033.48341192,136941,273.4249967753406,200000,9,0.25553807465484224,Closed,51107,51121
Gurugram,28.460105,77.026352,Haryana,76,500000,0,17.034541150916557,11.862400809080423,224,153,0.696373368908863,0.02010050251256281,1G,100,0,0,0.0,200.73622440619704,20073.622440619703,26975.179756413927,1726946,-0.9843798359899998,100,3,0.22755823801666303,Negotiation,22,33
Guwahati,26.176076,91.762932,Assam,77,5000000,0,170.3454115091656,118.62400809080425,2247,1544,0.696373368908863,0.24623115577889446,1G,12311,0,0,0.0,255.5427924698088,3145987.3180958163,4587888.731251443,630401,6.2777307321077265,12311,1,0.1619746974673033,Closed,1994,2000
Gwalior,26.229825,78.173369,Madhya Pradesh,78,500000,0,17.034541150916557,11.862400809080423,224,153,0.696373368908863,0.02010050251256281,1G,100,0,0,0.0,229.32655605603858,22932.655605603857,26759.499656836673,1576694,-0.9830280957136662,100,2,0.24471763233994787,Negotiation,24,31
Haldia,22.025278,88.058333,West Bengal,79,10000000,1,340.6908230183312,237.2480161816085,4495,3088,0.696373368908863,0.49748743718592964,10G,49748,1,1,1.0,234.03317168217308,11642682.224844746,15099321.50611422,724938,19.82843154326883,49748,1,0.10496877387515881,Closed,5221,5231
Haora,22.576882,88.318566,West Bengal,80,20000000,1,681.3816460366623,474.496032363217,8991,6178,0.696373368908863,1.0,100G,200000,1,1,1.0,254.81930015829636,50963860.03165927,69557840.4245722,204400,339.30254610847453,200000,3,0.26639965525466436,Closed,53279,53298
Hapur,28.729845,77.780681,Uttar Pradesh,81,5000000,0,170.3454115091656,118.62400809080425,2247,1544,0.696373368908863,0.24623115577889446,1G,12311,0,0,0.0,219.9202209424484,2707437.840022482,3262400.9557257257,604849,4.393744481227093,12311,1,0.11629798095464343,Closed,1431,1447
Haripur,31.463218,75.986418,Punjab,82,10000000,1,340.6908230183312,237.2480161816085,4495,3088,0.696373368908863,0.49748743718592964,10G,49748,1,1,1.0,216.7517673123611,10782966.92025534,12268001.135553475,449298,26.30482026528824,49748,1,0.15029729679266257,Closed,7476,7490
Hata,27.592698,78.013843,Uttar Pradesh,83,100000,0,3.4069082301833116,2.372480161816085,44,30,0.696373368908863,0.0,1G,0,0,0,0.0,207.20466943142347,0.0,0.0,1378689,-1.0,0,3,0.2539949946360259,Prospect,0,19
Hindupur,13.828065,77.491425,Andhra Pradesh,84,5000000,0,170.3454115091656,118.62400809080425,2247,1544,0.696373368908863,0.24623115577889446,1G,12311,0,0,0.0,289.8412732354045,3568235.914801065,4376963.624515666,1339599,2.267368536790238,12311,3,0.16944807333801976,Closed,2086,2105
Hisar,29.153938,75.722944,Haryana,85,500000,1,17.034541150916557,11.862400809080423,224,153,0.696373368908863,0.02010050251256281,1G,100,1,0,0.6,246.86778959652688,24686.77895965269,36783.01801804744,392393,-0.9062597497456697,100,4,0.17932929683911403,Prospect,17,31
Hospet,15.269537,76.387103,Karnataka,86,1000000,0,34.06908230183311,23.724801618160846,449,308,0.696373368908863,0.04522613065326632,1G,452,0,0,0.0,237.6315095580129,107409.44232022183,150446.0822393833,1509769,-0.9003515887268957,452,1,0.18817120659169023,Closed,85,98
Hubli,15.349955,75.138619,Karnataka,87,1000000,1,34.06908230183311,23.724801618160846,449,308,0.696373368908863,0.04522613065326632,1G,452,1,1,1.0,290.4745204842397,131294.48325887634,151500.54186554888,401309,-0.6224840662293921,452,0,0.19006339904145786,Closed,85,96
Hyderabad,17.384052,78.456355,Telangana,88,20000000,1,681.3816460366623,474.496032363217,8991,6178,0.696373368908863,1.0,100G,200000,1,1,1.0,299.88370754343305,59976741.50868661,73018107.3815204,661593,109.36710996265137,200000,9,0.12624848657471383,Closed,25249,25258
Imphal,24.808053,93.944203,Manipur,89,20000000,1,681.3816460366623,474.496032363217,8991,6178,0.696373368908863,1.0,100G,200000,1,1,1.0,247.26192525370914,49452385.05074183,72112469.64435434,732620,97.43093233102337,200000,8,0.15139716484848292,Closed,30279,30295
Indore,22.717736,75.85859,Madhya Pradesh,90,100000,0,3.4069082301833116,2.372480161816085,44,30,0.696373368908863,0.0,1G,0,0,0,0.0,190.58986620775664,0.0,0.0,791077,-1.0,0,1,0.08836728021948338,Prospect,0,15
Itanagar,27.102349,93.692047,Arunachal Pradesh,91,5000000,1,170.3454115091656,118.62400809080425,2247,1544,0.696373368908863,0.24623115577889446,1G,12311,1,1,1.0,208.40464234021564,2565669.551850395,3484432.9353280435,752622,3.629725061621961,12311,4,0.25919562757634224,Closed,3190,3204
Jabalpur,23.174495,79.935903,Madhya Pradesh,92,1000000,1,34.06908230183311,23.724801618160846,449,308,0.696373368908863,0.04522613065326632,1G,452,1,1,1.0,281.86321587581426,127402.17357586804,172140.34014209034,418820,-0.5889872973065032,452,1,0.11299570061972812,Closed,51,57
Jaipur,26.913312,75.787872,Rajasthan,93,10000000,1,340.6908230183312,237.2480161816085,4495,3088,0.696373368908863,0.49748743718592964,10G,49748,1,0,0.6,207.46128757298555,10320784.134180885,14717720.325305646,431813,33.083550808580675,49748,4,0.18734481045473433,Closed,9320,9334
Jammu,32.735686,74.869112,Jammu and Kashmir,94,5000000,1,170.3454115091656,118.62400809080425,2247,1544,0.696373368908863,0.24623115577889446,1G,12311,1,1,1.0,155.31296275490405,1912057.8844756237,2257922.026513192,239102,8.443342282846617,12311,0,0.18268067042781316,Closed,2248,2264
Jamshedpur,22.802776,86.185448,Jharkhand,95,5000000,1,170.3454115091656,118.62400809080425,2247,1544,0.696373368908863,0.24623115577889446,1G,12311,1,1,1.0,185.9037088519365,2288660.5596761904,2765611.8350450397,139628,18.807000279636174,12311,4,0.1315835861432571,Closed,1619,1633
Jhansi,25.458872,78.579943,Uttar Pradesh,96,100000,0,3.4069082301833116,2.372480161816085,44,30,0.696373368908863,0.0,1G,0,0,0,0.0,169.61031286452794,0.0,0.0,1990284,-1.0,0,2,0.0734822402472712,Prospect,0,13
Jodhpur,26.26841,73.005943,Rajasthan,97,5000000,1,170.3454115091656,118.62400809080425,2247,1544,0.696373368908863,0.24623115577889446,1G,12311,1,0,0.6,219.8276134272963,2706297.748903445,3915257.8722472223,202260,18.35754905689322,12311,3,0.08024710197069031,Closed,987,1003
Jorhat,26.757509,94.203055,Assam,98,10000000,1,340.6908230183312,237.2480161816085,4495,3088,0.696373368908863,0.49748743718592964,10G,49748,1,0,0.6,163.3389810097743,8125787.627274252,10413377.13492102,358107,28.078954432393168,49748,1,0.18300030690749408,Closed,9103,9110
Kagaznagar,19.331589,79.466051,Andhra Pradesh,99,100000,0,3.4069082301833116,2.372480161816085,44,30,0.696373368908863,0.0,1G,0,0,0,0.0,280.0922261921719,0.0,0.0,731861,-1.0,0,2,0.22043204180372133,Prospect,0,9
Kakinada,16.960361,82.238086,Andhra Pradesh,100,100000,0,3.4069082301833116,2.372480161816085,44,30,0.696373368908863,0.0,1G,0,0,0,0.0,169.05195549910366,0.0,0.0,621380,-1.0,0,3,0.2590493767934096,Prospect,0,9
Kalyan,19.243703,73.135537,Maharashtra,101,500000,0,17.034541150916557,11.862400809080423,224,153,0.696373368908863,0.02010050251256281,1G,100,0,0,0.0,221.482484595452,22148.2484595452,28464.359112692626,1167550,-0.9756204367156074,100,1,0.2461604538956187,Negotiation,24,33
Karimnagar,18.436738,79.13222,Telangana,102,1000000,0,34.06908230183311,23.724801618160846,449,308,0.696373368908863,0.04522613065326632,1G,452,0,0,0.0,196.95493670577548,89023.63139101052,113239.18908973121,1804625,-0.9372505705674412,452,2,0.2368829026931626,Closed,107,123
Karnal,29.691971,76.984483,Haryana,103,5000000,0,170.3454115091656,118.62400809080425,2247,1544,0.696373368908863,0.24623115577889446,1G,12311,0,0,0.0,151.226755932607,1861752.5922863248,2504698.138279315,1780767,0.4065277143384368,12311,3,0.28892139450746457,Closed,3556,3573
Karur,10.960277,78.076753,Tamil Nadu ,104,5000000,1,170.3454115091656,118.62400809080425,2247,1544,0.696373368908863,0.24623115577889446,1G,12311,1,1,1.0,157.01187824397329,1932973.233061555,2746495.855246175,497122,4.524792415636755,12311,4,0.2319987775772061,Closed,2856,2875
Kavaratti,10.566667,72.616667,Lakshadweep,105,20000000,1,681.3816460366623,474.496032363217,8991,6178,0.696373368908863,1.0,100G,200000,1,1,1.0,179.91364464992304,35982728.92998461,45634754.691801086,442304,102.1750892865565,200000,3,0.12724545797061576,Closed,25449,25457
Khammam,17.247672,80.143682,Telangana,106,500000,0,17.034541150916557,11.862400809080423,224,153,0.696373368908863,0.02010050251256281,1G,100,0,0,0.0,244.87733163724283,24487.733163724282,34893.121067225395,1517530,-0.9770066350798828,100,4,0.25726878197580216,Negotiation,25,32
Khanapur,21.273716,76.117376,Maharashtra,107,500000,1,17.034541150916557,11.862400809080423,224,153,0.696373368908863,0.02010050251256281,1G,100,1,1,1.0,259.29267462772026,25929.267462772026,34189.436775175185,536388,-0.9362598775976063,100,3,0.2998972563322609,Negotiation,29,47
Kochi,9.947743,76.253802,Kerala,108,500000,1,17.034541150916557,11.862400809080423,224,153,0.696373368908863,0.02010050251256281,1G,100,1,1,1.0,152.90771827598945,15290.771827598945,19301.963113283997,359425,-0.9462976612275608,100,1,0.2359526451388027,Negotiation,23,39
Kohima,25.674673,94.110988,Nagaland,109,5000000,0,170.3454115091656,118.62400809080425,2247,1544,0.696373368908863,0.24623115577889446,1G,12311,0,0,0.0,264.7444544379192,3259268.9785852237,4284035.789075582,1588848,1.6963156885212318,12311,0,0.27650145715997976,Closed,3404,3423
Kolar,13.137679,78.129989,Karnataka,110,20000000,1,681.3816460366623,474.496032363217,8991,6178,0.696373368908863,1.0,100G,200000,1,0,0.6,183.8248378068344,36764967.56136688,50974438.53336278,102785,494.9326607322351,200000,8,0.23183925440141023,Closed,46367,46385
Kolhapur,16.695633,74.231669,Maharashtra,111,20000000,1,681.3816460366623,474.496032363217,8991,6178,0.696373368908863,1.0,100G,200000,1,1,1.0,298.6197359583434,59723947.19166868,86597409.51408863,612883,140.29517300053783,200000,6,0.12363000597677916,Closed,24726,24732
Kolkata ,22.562627,88.363044,West Bengal,112,5000000,1,170.3454115091656,118.62400809080425,2247,1544,0.696373368908863,0.24623115577889446,1G,12311,1,1,1.0,232.7410006984282,2865274.4595983494,3900370.6223266963,173463,21.48531745863208,12311,0,0.1760439383086465,Closed,2167,2177
Kollam,8.881131,76.584694,Kerala,113,10000000,1,340.6908230183312,237.2480161816085,4495,3088,0.696373368908863,0.49748743718592964,10G,49748,1,1,1.0,278.0197780617707,13830927.919016968,15747927.022477558,377032,40.768144408107425,49748,3,0.09309545620252165,Closed,4631,4637
Kota,25.182544,75.839065,Rajasthan,114,1000000,1,34.06908230183311,23.724801618160846,449,308,0.696373368908863,0.04522613065326632,1G,452,1,0,0.6,244.69948446690063,110604.16697903909,143289.15029755508,250654,-0.4283388643406645,452,3,0.21735709611218368,Closed,98,107
Krishnanagar,23.405761,88.490733,West Bengal,115,20000000,1,681.3816460366623,474.496032363217,8991,6178,0.696373368908863,1.0,100G,200000,1,1,1.0,157.37832521284372,31475665.042568743,45310638.07086244,613919,72.80556404161207,200000,3,0.1868160254123427,Closed,37363,37377
Krishnapuram,12.869617,79.719469,Tamil Nadu ,116,20000000,1,681.3816460366623,474.496032363217,8991,6178,0.696373368908863,1.0,100G,200000,1,1,1.0,201.75075906211663,40350151.812423326,53876055.72363276,172176,311.9126923824038,200000,9,0.0553913138283892,Closed,11078,11092
Kumbakonam,10.959789,79.377472,Tamil Nadu ,117,1000000,0,34.06908230183311,23.724801618160846,449,308,0.696373368908863,0.04522613065326632,1G,452,0,0,0.0,182.3234885274303,82410.21681439849,107701.91637575474,1898306,-0.9432641964068202,452,1,0.17047064633208936,Closed,77,82
Kurnool,15.828865,78.036021,Andhra Pradesh,118,10000000,1,340.6908230183312,237.2480161816085,4495,3088,0.696373368908863,0.49748743718592964,10G,49748,1,1,1.0,242.18115748463228,12048028.222545486,14307779.639146978,130661,108.50306242219926,49748,0,0.25534823944171675,Closed,12703,12722
Latur,18.399487,76.584252,Maharashtra,119,10000000,1,340.6908230183312,237.2480161816085,4495,3088,0.696373368908863,0.49748743718592964,10G,49748,1,0,0.6,237.2343723941184,11801935.557862602,17132073.058351543,215805,78.38682170640877,49748,1,0.1662862973296797,Closed,8272,8286
Lucknow,26.839281,80.923133,Uttar Pradesh,120,1000000,1,34.06908230183311,23.724801618160846,449,308,0.696373368908863,0.04522613065326632,1G,452,1,1,1.0,296.8735644257324,134186.85112043106,164246.44887675668,372371,-0.558917185074142,452,2,0.23969116674689855,Closed,108,118
Ludhiana,30.912042,75.853789,Punjab,121,5000000,0,170.3454115091656,118.62400809080425,2247,1544,0.696373368908863,0.24623115577889446,1G,12311,0,0,0.0,188.11630316347254,2315899.8082455103,2680753.0034619323,922414,1.90623624908331,12311,3,0.2093093245516524,Closed,2576,2583
Machilipatnam,16.187466,81.13888,Andhra Pradesh,122,1000000,0,34.06908230183311,23.724801618160846,449,308,0.696373368908863,0.04522613065326632,1G,452,0,0,0.0,171.07545319839798,77326.10484567589,90409.43175905956,1253096,-0.9278511528573552,452,0,0.18776284757792266,Closed,84,97
Madurai,9.917347,78.119622,Tamil Nadu ,123,10000000,1,340.6908230183312,237.2480161816085,4495,3088,0.696373368908863,0.49748743718592964,10G,49748,1,0,0.6,236.69000052223493,11774854.145980144,16009036.492441706,356870,43.85957489405584,49748,0,0.2263734809176915,Closed,11261,11280
Mahabubnagar,16.75,78.0,Telangana,124,100000,1,3.4069082301833116,2.372480161816085,44,30,0.696373368908863,0.0,1G,0,1,0,0.6,151.98773673510985,0.0,0.0,474002,-1.0,0,0,0.14335873936235843,Prospect,0,15
Malegaon Camp,20.569974,74.515415,Maharashtra,125,10000000,1,340.6908230183312,237.2480161816085,4495,3088,0.696373368908863,0.49748743718592964,10G,49748,1,1,1.0,226.92398321661557,11289014.317060191,14969906.807799587,750044,18.958704833049243,49748,3,0.1527776126155329,Closed,7600,7619
Mangalore,12.865371,74.842432,Karnataka,126,500000,1,17.034541150916557,11.862400809080423,224,153,0.696373368908863,0.02010050251256281,1G,100,1,1,1.0,206.96133450382146,20696.133450382145,27429.28918116286,445096,-0.9383744424098108,100,3,0.05175444556340396,Prospect,5,20
Mathura,27.503501,77.672145,Uttar Pradesh,127,1000000,0,34.06908230183311,23.724801618160846,449,308,0.696373368908863,0.04522613065326632,1G,452,0,0,0.0,227.68054518439936,102911.60642334851,129291.5232115945,1722601,-0.9249440101267824,452,4,0.22334129119824492,Closed,100,117
Meerut,28.980018,77.706356,Uttar Pradesh,128,5000000,0,170.3454115091656,118.62400809080425,2247,1544,0.696373368908863,0.24623115577889446,1G,12311,0,0,0.0,152.08373975072467,1872302.9200711714,2284794.7689311425,1125170,1.0306218339727709,12311,1,0.28372034185675077,Closed,3492,3497
Mirzapur,25.144902,82.565335,Uttar Pradesh,129,1000000,0,34.06908230183311,23.724801618160846,449,308,0.696373368908863,0.04522613065326632,1G,452,0,0,0.0,295.50556869337765,133568.5170494067,162509.18997838514,513739,-0.6836736358766122,452,4,0.23028511355518272,Closed,104,115
Moradabad,28.838931,78.776838,Uttar Pradesh,130,10000000,1,340.6908230183312,237.2480161816085,4495,3088,0.696373368908863,0.49748743718592964,10G,49748,1,0,0.6,299.7659674244376,14912757.34743092,21505153.217466857,277164,76.58999443458335,49748,3,0.07179813871163378,Closed,3571,3584
Mumbai,18.987807,72.836447,Maharashtra,131,5000000,1,170.3454115091656,118.62400809080425,2247,1544,0.696373368908863,0.24623115577889446,1G,12311,1,0,0.6,244.1526810221102,3005763.6560631986,3383485.7586884615,543351,5.227071927149231,12311,3,0.08661972183031823,Closed,1066,1082
Muzaffarnagar,29.470914,77.703324,Uttar Pradesh,132,500000,0,17.034541150916557,11.862400809080423,224,153,0.696373368908863,0.02010050251256281,1G,100,0,0,0.0,209.644452480553,20964.4452480553,24365.847100218896,1403566,-0.9826400417933898,100,1,0.06724872379817955,Prospect,6,19
Muzaffarpur,26.122593,85.390553,Bihar,133,20000000,1,681.3816460366623,474.496032363217,8991,6178,0.696373368908863,1.0,100G,200000,1,1,1.0,222.17235990094775,44434471.980189554,57837084.2391031,424330,135.30213333750407,200000,8,0.16193784163935465,Closed,32387,32401
Mysore,12.292664,76.638543,Karnataka,134,500000,0,17.034541150916557,11.862400809080423,224,153,0.696373368908863,0.02010050251256281,1G,100,0,0,0.0,286.0274521452834,28602.74521452834,31606.0340671264,1878612,-0.9831758585236725,100,2,0.07921991216937228,Prospect,7,21
Nagercoil,8.177313,77.43437,Tamil Nadu ,135,20000000,1,681.3816460366623,474.496032363217,8991,6178,0.696373368908863,1.0,100G,200000,1,0,0.6,162.80156600207457,32560313.200414915,44033070.13821119,784026,55.16276773756379,200000,5,0.21482852289569127,Closed,42965,42979
Nalgonda,17.05,79.27,Telangana,136,500000,0,17.034541150916557,11.862400809080423,224,153,0.696373368908863,0.02010050251256281,1G,100,0,0,0.0,223.08954290823664,22308.954290823665,25180.798119054936,914404,-0.972462064777653,100,2,0.28769654787506926,Negotiation,28,45
Nanded,19.160227,77.314971,Maharashtra,137,500000,0,17.034541150916557,11.862400809080423,224,153,0.696373368908863,0.02010050251256281,1G,100,0,0,0.0,173.63762117064832,17363.76211706483,19936.67782246304,869472,-0.977070362447022,100,3,0.08607883673083168,Prospect,8,22
Nandyal,15.477994,78.483605,Andhra Pradesh,138,5000000,0,170.3454115091656,118.62400809080425,2247,1544,0.696373368908863,0.24623115577889446,1G,12311,0,0,0.0,179.97349711912935,2215653.7230336014,2671475.232012197,1129226,1.3657578128843977,12311,1,0.1649027805583665,Closed,2030,2041
Nasik,19.999963,73.776887,Maharashtra,139,5000000,0,170.3454115091656,118.62400809080425,2247,1544,0.696373368908863,0.24623115577889446,1G,12311,0,0,0.0,176.53350191663813,2173303.942095732,2519174.950845263,1048114,1.403531439180531,12311,4,0.2758918562477453,Closed,3396,3407
Navsari,20.85,72.916667,Gujarat,140,100000,1,3.4069082301833116,2.372480161816085,44,30,0.696373368908863,0.0,1G,0,1,0,0.6,238.27674244867885,0.0,0.0,172853,-1.0,0,0,0.1849810632453266,Prospect,0,14
Nellore,14.449918,79.986967,Andhra Pradesh,141,5000000,1,170.3454115091656,118.62400809080425,2247,1544,0.696373368908863,0.24623115577889446,1G,12311,1,1,1.0,271.1748036129999,3338433.0072796415,4282077.458025036,315908,12.55482437299795,12311,1,0.057364248316306585,Closed,706,719
New Delhi,28.6,77.2,Delhi,142,1000000,0,34.06908230183311,23.724801618160846,449,308,0.696373368908863,0.04522613065326632,1G,452,0,0,0.0,230.7168719433996,104284.02611841663,126953.8519315461,1355983,-0.9063750416254879,452,3,0.23822086545985482,Closed,107,119
Nizamabad,18.673151,78.10008,Telangana,143,1000000,0,34.06908230183311,23.724801618160846,449,308,0.696373368908863,0.04522613065326632,1G,452,0,0,0.0,157.76034496934568,71307.67592614425,103582.0982543321,1391760,-0.9255747411519716,452,0,0.07491396627507092,Negotiation,33,46
Ongole,15.503565,80.044541,Andhra Pradesh,144,500000,1,17.034541150916557,11.862400809080423,224,153,0.696373368908863,0.02010050251256281,1G,100,1,1,1.0,265.0413653518159,26504.13653518159,29531.10066569402,236720,-0.8752488143558043,100,3,0.05833245990919099,Prospect,5,19
Pali,25.775125,73.320611,Rajasthan,145,10000000,1,340.6908230183312,237.2480161816085,4495,3088,0.696373368908863,0.49748743718592964,10G,49748,1,1,1.0,298.5238887307166,14850966.416575689,20476389.81097596,787297,25.008469244739864,49748,1,0.06576257849697713,Closed,3271,3278
Panaji,15.498289,73.824541,Goa,146,100000,1,3.4069082301833116,2.372480161816085,44,30,0.696373368908863,0.0,1G,0,1,1,1.0,283.8434157985827,0.0,0.0,525094,-1.0,0,0,0.1499884485920187,Prospect,0,9
Panchkula,30.691512,76.853736,Haryana,147,20000000,1,681.3816460366623,474.496032363217,8991,6178,0.696373368908863,1.0,100G,200000,1,1,1.0,153.6061126393999,30721222.52787998,37691151.15366918,442073,84.26001622734069,200000,6,0.10189688159374365,Closed,20379,20393
Panipat,29.387471,76.968246,Haryana,148,100000,0,3.4069082301833116,2.372480161816085,44,30,0.696373368908863,0.0,1G,0,0,0,0.0,176.3582019235485,0.0,0.0,1938666,-1.0,0,2,0.29012645110807583,Prospect,0,7
Parbhani,19.268553,76.770807,Maharashtra,149,1000000,0,34.06908230183311,23.724801618160846,449,308,0.696373368908863,0.04522613065326632,1G,452,0,0,0.0,177.13893657732393,80066.79933295042,105963.52230231618,1386424,-0.9235706231987355,452,1,0.22906725157197633,Closed,103,113
Pathankot,32.274842,75.652865,Punjab,150,20000000,1,681.3816460366623,474.496032363217,8991,6178,0.696373368908863,1.0,100G,200000,1,1,1.0,232.87768475159467,46575536.95031893,59055169.77891428,317978,184.72092968354502,200000,7,0.2540260967571269,Closed,50805,50810
Patiala,30.336245,76.392199,Punjab,151,1000000,0,34.06908230183311,23.724801618160846,449,308,0.696373368908863,0.04522613065326632,1G,452,0,0,0.0,218.14345773166175,98600.84289471111,147326.34168221845,828538,-0.822185172337034,452,0,0.08048605863747667,Negotiation,36,41
Patna,25.615379,85.101027,Bihar,152,1000000,0,34.06908230183311,23.724801618160846,449,308,0.696373368908863,0.04522613065326632,1G,452,0,0,0.0,268.91079720480434,121547.68033657156,156730.44116877214,986236,-0.8410822144306513,452,3,0.23595943841757788,Closed,106,118
Pilibhit,28.631245,79.804362,Uttar Pradesh,153,10000000,1,340.6908230183312,237.2480161816085,4495,3088,0.696373368908863,0.49748743718592964,10G,49748,1,1,1.0,173.1788517389106,8615301.516307324,12329257.890460152,591603,19.84042489720328,49748,4,0.1313896096581909,Closed,6536,6551
Porbandar,21.641346,69.600868,Gujarat,154,1000000,1,34.06908230183311,23.724801618160846,449,308,0.696373368908863,0.04522613065326632,1G,452,1,1,1.0,177.45276407108105,80208.64936012863,119939.81641428747,728810,-0.8354306109764034,452,3,0.15911482530900256,Closed,71,78
Port Blair,11.666667,92.75,Andaman and Nicobar Islands,155,20000000,1,681.3816460366623,474.496032363217,8991,6178,0.696373368908863,1.0,100G,200000,1,0,0.6,161.27841759016286,32255683.518032573,40786840.02311918,705298,56.82922966337517,200000,3,0.2613783691820425,Closed,52275,52288
Proddatur,14.7502,78.548129,Andhra Pradesh,156,1000000,1,34.06908230183311,23.724801618160846,449,308,0.696373368908863,0.04522613065326632,1G,452,1,0,0.6,204.7049886038293,92526.65484893083,122228.98505423898,180680,-0.3235057280593371,452,0,0.092894479366551,Negotiation,41,51
Puducherry,11.933812,79.829792,Puducherry,157,20000000,1,681.3816460366623,474.496032363217,8991,6178,0.696373368908863,1.0,100G,200000,1,1,1.0,240.1990977399235,48039819.5479847,70964284.55655633,326043,216.65314561746865,200000,8,0.10528147600043626,Closed,21056,21063
Pune,18.513271,73.849852,Maharashtra,158,1000000,0,34.06908230183311,23.724801618160846,449,308,0.696373368908863,0.04522613065326632,1G,452,0,0,0.0,202.10127668806155,91349.77706300381,132011.12407217937,1691460,-0.921954332900465,452,1,0.20213095298246164,Closed,91,110
Puri,19.798254,85.824938,Odisha,159,500000,0,17.034541150916557,11.862400809080423,224,153,0.696373368908863,0.02010050251256281,1G,100,0,0,0.0,187.22111340231547,18722.111340231546,24875.225270855437,735144,-0.9661627854259092,100,0,0.21265964267193183,Negotiation,21,39
Purnea,25.776703,87.473655,Bihar,160,5000000,0,170.3454115091656,118.62400809080425,2247,1544,0.696373368908863,0.24623115577889446,1G,12311,0,0,0.0,254.0105017449463,3127123.286982034,4532824.270886045,1668043,1.7174504919154032,12311,2,0.2416598571559031,Closed,2975,2981
Raichur,16.205459,77.35567,Karnataka,161,10000000,1,340.6908230183312,237.2480161816085,4495,3088,0.696373368908863,0.49748743718592964,10G,49748,1,1,1.0,169.05590231236852,8410193.02823571,9579552.904140053,174410,53.925479640731915,49748,3,0.09858388174949996,Closed,4904,4911
Raipur,21.233333,81.633333,Chhattisgarh,162,100000,0,3.4069082301833116,2.372480161816085,44,30,0.696373368908863,0.0,1G,0,0,0,0.0,182.69927074353143,0.0,0.0,927109,-1.0,0,0,0.21393713328253372,Prospect,0,15
Rajahmundry,17.005171,81.777839,Andhra Pradesh,163,100000,1,3.4069082301833116,2.372480161816085,44,30,0.696373368908863,0.0,1G,0,1,1,1.0,188.4043288355519,0.0,0.0,319977,-1.0,0,0,0.291754817579264,Prospect,0,15
Rajapalaiyam,9.451111,77.556121,Tamil Nadu ,164,100000,1,3.4069082301833116,2.372480161816085,44,30,0.696373368908863,0.0,1G,0,1,1,1.0,179.98038087264217,0.0,0.0,180119,-1.0,0,1,0.2331274775136737,Prospect,0,5
Rajkot,22.291606,70.793217,Gujarat,165,10000000,1,340.6908230183312,237.2480161816085,4495,3088,0.696373368908863,0.49748743718592964,10G,49748,1,0,0.6,293.16317664667235,14584281.711818656,18337022.88007284,788491,22.255842971033076,49748,2,0.17278921538123015,Closed,8595,8610
Ramagundam,18.45,79.28,Telangana,166,1000000,0,34.06908230183311,23.724801618160846,449,308,0.696373368908863,0.04522613065326632,1G,452,0,0,0.0,216.51227286551813,97863.5473352142,118606.30380820003,594167,-0.8003822093650438,452,0,0.2489978873631991,Closed,112,127
Rampura,26.884682,75.789336,Rajasthan,167,1000000,0,34.06908230183311,23.724801618160846,449,308,0.696373368908863,0.04522613065326632,1G,452,0,0,0.0,227.36380584460437,102768.44024176117,136035.13279143657,1606262,-0.9153094994518725,452,4,0.19561677171065478,Closed,88,102
Ranchi,23.347768,85.338564,Jharkhand,168,500000,0,17.034541150916557,11.862400809080423,224,153,0.696373368908863,0.02010050251256281,1G,100,0,0,0.0,291.2584505675393,29125.84505675393,34092.85272003768,711084,-0.9520550979630569,100,3,0.2676397109115097,Negotiation,26,34
Ratlam,23.330331,75.040315,Madhya Pradesh,169,1000000,1,34.06908230183311,23.724801618160846,449,308,0.696373368908863,0.04522613065326632,1G,452,1,1,1.0,191.95736540921706,86764.7291649661,126416.17691724401,714076,-0.8229653749499437,452,2,0.2926932361565441,Closed,132,148
Raurkela,22.224964,84.864143,Odisha,170,500000,0,17.034541150916557,11.862400809080423,224,153,0.696373368908863,0.02010050251256281,1G,100,0,0,0.0,266.76672000682197,26676.672000682196,39122.84476758509,699868,-0.9440996805574979,100,4,0.2636621578461183,Negotiation,26,42
Rohtak,28.894473,76.589166,Haryana,171,10000000,1,340.6908230183312,237.2480161816085,4495,3088,0.696373368908863,0.49748743718592964,10G,49748,1,1,1.0,221.74801487381,11031520.2439423,14284129.574042816,242138,57.99168892963028,49748,3,0.2515401676092427,Closed,12513,12525
Saharanpur,29.967896,77.545221,Uttar Pradesh,172,10000000,1,340.6908230183312,237.2480161816085,4495,3088,0.696373368908863,0.49748743718592964,10G,49748,1,1,1.0,224.0158015725994,11144338.096633675,13421377.61483781,253449,51.9549440512206,49748,0,0.095350290988079,Closed,4743,4750
Saidapur,27.598784,80.75089,Uttar Pradesh,173,5000000,1,170.3454115091656,118.62400809080425,2247,1544,0.696373368908863,0.24623115577889446,1G,12311,1,1,1.0,230.2396510312135,2834480.343845269,3843384.7270842227,458974,7.373861541360126,12311,2,0.08450736368667473,Closed,1040,1048
Saidpur,34.318174,74.457093,Jammu and Kashmir,174,20000000,1,681.3816460366623,474.496032363217,8991,6178,0.696373368908863,1.0,100G,200000,1,1,1.0,291.0248906982205,58204978.139644094,65770645.6389847,623993,104.4028581073581,200000,9,0.19909240771797,Closed,39818,39823
Salem,11.651165,78.158672,Tamil Nadu ,175,1000000,0,34.06908230183311,23.724801618160846,449,308,0.696373368908863,0.04522613065326632,1G,452,0,0,0.0,221.17166601650422,99969.59303945991,116035.3181955342,1033946,-0.8877742955671436,452,3,0.06105393447854078,Negotiation,27,35
Samlaipadar,21.478072,83.990505,Odisha,176,20000000,1,681.3816460366623,474.496032363217,8991,6178,0.696373368908863,1.0,100G,200000,1,0,0.6,261.0185144045894,52203702.88091788,61148153.3083664,124458,490.3155707818413,200000,3,0.21932926146343473,Closed,43865,43883
Sangli,16.856777,74.569196,Maharashtra,177,1000000,0,34.06908230183311,23.724801618160846,449,308,0.696373368908863,0.04522613065326632,1G,452,0,0,0.0,234.2426996619673,105877.70024720921,124527.4366939428,1056331,-0.882113242256506,452,1,0.15726762831532215,Closed,71,79
Saugor,23.838766,78.738738,Madhya Pradesh,178,10000000,1,340.6908230183312,237.2480161816085,4495,3088,0.696373368908863,0.49748743718592964,10G,49748,1,1,1.0,207.74415350893184,10334856.148762342,12943554.95548713,284138,44.55376245165071,49748,3,0.28740495047460285,Closed,14297,14313
Shahbazpur,27.874116,79.879327,Uttar Pradesh,179,10000000,1,340.6908230183312,237.2480161816085,4495,3088,0.696373368908863,0.49748743718592964,10G,49748,1,1,1.0,252.11712122183025,12542322.546543611,18396535.460073784,598450,29.74030488774966,49748,1,0.18490063513315474,Closed,9198,9207
Shiliguri,26.710035,88.428512,West Bengal,180,1000000,0,34.06908230183311,23.724801618160846,449,308,0.696373368908863,0.04522613065326632,1G,452,0,0,0.0,210.1326440479775,94979.95510968583,129487.35261603187,839287,-0.8457174332307877,452,4,0.05297845315720619,Negotiation,23,32
Shillong ,25.573987,91.896807,Meghalaya,181,100000,0,3.4069082301833116,2.372480161816085,44,30,0.696373368908863,0.0,1G,0,0,0,0.0,276.0670021574158,0.0,0.0,603211,-1.0,0,3,0.29241170872078104,Prospect,0,5
Shimla,31.104423,77.166623,Himachal Pradesh,182,20000000,1,681.3816460366623,474.496032363217,8991,6178,0.696373368908863,1.0,100G,200000,1,1,1.0,248.6563906215398,49731278.12430796,57268905.16757292,487054,116.58224995087387,200000,6,0.10999832199960495,Closed,21999,22009
Shimoga,13.932424,75.572555,Karnataka,183,500000,1,17.034541150916557,11.862400809080423,224,153,0.696373368908863,0.02010050251256281,1G,100,1,1,1.0,285.1648574228603,28516.48574228603,40053.45631515127,787666,-0.9491491871997124,100,4,0.26834462647630064,Negotiation,26,41
Sikar,27.614778,75.138671,Rajasthan,184,1000000,1,34.06908230183311,23.724801618160846,449,308,0.696373368908863,0.04522613065326632,1G,452,1,0,0.6,276.5517202019173,125001.37753126663,160905.32225330907,390735,-0.5881983383794411,452,2,0.293231199497686,Closed,132,151
Silchar,24.827327,92.797868,Assam,185,20000000,1,681.3816460366623,474.496032363217,8991,6178,0.696373368908863,1.0,100G,200000,1,1,1.0,161.01729105715353,32203458.211430706,39169167.40869148,186639,208.86593053269402,200000,3,0.2596521355455607,Closed,51930,51944
Silvassa,20.273855,72.996728,Dadra and Nagar Haveli,186,1000000,0,34.06908230183311,23.724801618160846,449,308,0.696373368908863,0.04522613065326632,1G,452,0,0,0.0,170.99221119679598,77288.47946095178,115924.39116632049,887745,-0.8694170159603033,452,1,0.292686450400097,Closed,132,145
Sirsa,29.534893,75.028981,Haryana,187,5000000,1,170.3454115091656,118.62400809080425,2247,1544,0.696373368908863,0.24623115577889446,1G,12311,1,1,1.0,236.72624866518197,2914336.8473170553,4137354.9987062863,524636,6.886143914459333,12311,4,0.2269700284763691,Closed,2794,2801
Sonipat,28.994778,77.019375,Haryana,188,5000000,0,170.3454115091656,118.62400809080425,2247,1544,0.696373368908863,0.24623115577889446,1G,12311,0,0,0.0,199.29461906658975,2453516.0553287864,2982261.4073195765,1482891,1.0111130267292583,12311,4,0.14667182619568786,Closed,1805,1823
Srinagar,34.085652,74.805553,Jammu and Kashmir,189,10000000,1,340.6908230183312,237.2480161816085,4495,3088,0.696373368908863,0.49748743718592964,10G,49748,1,1,1.0,187.30443277101972,9318020.921492688,11935339.725045372,561188,20.267988134182076,49748,0,0.21444953924531995,Closed,10668,10675
Surat,21.195944,72.830232,Gujarat,190,1000000,1,34.06908230183311,23.724801618160846,449,308,0.696373368908863,0.04522613065326632,1G,452,1,1,1.0,231.06871932011933,104443.06113269394,118650.05530079875,282728,-0.5803385044961987,452,1,0.05452758420831548,Negotiation,24,42
Tezpur,26.633333,92.8,Assam,191,20000000,1,681.3816460366623,474.496032363217,8991,6178,0.696373368908863,1.0,100G,200000,1,1,1.0,179.713973178594,35942794.6357188,44032449.538529575,490732,88.72809912239181,200000,3,0.15245965597191885,Closed,30491,30506
Thanjavur,10.785233,79.139093,Tamil Nadu ,192,100000,0,3.4069082301833116,2.372480161816085,44,30,0.696373368908863,0.0,1G,0,0,0,0.0,273.7012910629626,0.0,0.0,1646376,-1.0,0,4,0.2725343501136169,Prospect,0,7
Tharati Etawah,26.758236,79.014875,Uttar Pradesh,193,1000000,0,34.06908230183311,23.724801618160846,449,308,0.696373368908863,0.04522613065326632,1G,452,0,0,0.0,172.1622024249129,77817.31549606063,113577.75501190429,1584898,-0.9283374986832564,452,3,0.06834296409373199,Negotiation,30,35
Thiruvananthapuram,8.485498,76.949238,Kerala,194,1000000,1,34.06908230183311,23.724801618160846,449,308,0.696373368908863,0.04522613065326632,1G,452,1,0,0.6,278.64844477113536,125949.09703655318,142369.05645537403,608248,-0.7659358412105358,452,2,0.051734430271020634,Negotiation,23,32
Tiruchchirappalli,10.815499,78.696513,Tamil Nadu ,195,1000000,1,34.06908230183311,23.724801618160846,449,308,0.696373368908863,0.04522613065326632,1G,452,1,1,1.0,270.9207657001913,122456.18609648646,182698.94657736405,591051,-0.6908914009495559,452,0,0.060168824374492516,Negotiation,27,33
Tirunelveli,8.725181,77.684519,Tamil Nadu ,196,10000000,1,340.6908230183312,237.2480161816085,4495,3088,0.696373368908863,0.49748743718592964,10G,49748,1,1,1.0,176.12278492840784,8761756.304618433,13077233.883040514,314417,40.59200642153736,49748,3,0.1588233808737276,Closed,7901,7916
Tirupati,13.635505,79.419888,Andhra Pradesh,197,10000000,1,340.6908230183312,237.2480161816085,4495,3088,0.696373368908863,0.49748743718592964,10G,49748,1,1,1.0,150.1719624719049,7470754.789052324,10139128.609364228,494259,19.513796631653097,49748,3,0.07065566087563772,Closed,3514,3530
Tiruvannamalai,12.230204,79.072954,Tamil Nadu ,198,1000000,0,34.06908230183311,23.724801618160846,449,308,0.696373368908863,0.04522613065326632,1G,452,0,0,0.0,214.31552898061392,96870.61909923749,133032.17625183976,573122,-0.7678815745132106,452,1,0.25737796788778605,Closed,116,131
Tonk,26.168672,75.786111,Rajasthan,199,100000,1,3.4069082301833116,2.372480161816085,44,30,0.696373368908863,0.0,1G,0,1,1,1.0,220.63532530747668,0.0,0.0,149296,-1.0,0,4,0.23030362877249072,Prospect,0,19
Tuticorin,8.805038,78.151884,Tamil Nadu ,200,5000000,1,170.3454115091656,118.62400809080425,2247,1544,0.696373368908863,0.24623115577889446,1G,12311,1,1,1.0,220.48850615062094,2714433.9992202944,3247380.7569700596,391261,7.299781365814788,12311,3,0.05990827017236629,Closed,737,747
Udaipur,24.57951,73.690508,Rajasthan,201,20000000,1,681.3816460366623,474.496032363217,8991,6178,0.696373368908863,1.0,100G,200000,1,1,1.0,235.07754016216157,47015508.03243231,59959025.80115101,260448,229.2149596124793,200000,5,0.2779202066871999,Closed,55584,55596
Ujjain,23.182387,75.776433,Madhya Pradesh,202,100000,1,3.4069082301833116,2.372480161816085,44,30,0.696373368908863,0.0,1G,0,1,1,1.0,225.52724099545503,0.0,0.0,679272,-1.0,0,1,0.214369286057763,Prospect,0,18
Vadodara,22.299405,73.208119,Gujarat,203,5000000,0,170.3454115091656,118.62400809080425,2247,1544,0.696373368908863,0.24623115577889446,1G,12311,0,0,0.0,240.64145977239303,2962537.0112579307,3466585.4378969986,524593,5.608142765719326,12311,1,0.24416923939880886,Closed,3005,3016
Valparai,10.325163,76.955299,Tamil Nadu ,204,5000000,0,170.3454115091656,118.62400809080425,2247,1544,0.696373368908863,0.24623115577889446,1G,12311,0,0,0.0,214.20952781039927,2637133.4968738253,3680531.3617050624,1934717,0.9023616175931997,12311,3,0.1032609192835449,Closed,1271,1287
Varanasi,25.31774,83.005811,Uttar Pradesh,205,20000000,1,681.3816460366623,474.496032363217,8991,6178,0.696373368908863,1.0,100G,200000,1,1,1.0,161.509009975638,32301801.995127603,40762187.20482997,120021,338.6254589182724,200000,8,0.2452073738247194,Closed,49041,49051
Vellore,12.905769,79.137104,Tamil Nadu ,206,5000000,1,170.3454115091656,118.62400809080425,2247,1544,0.696373368908863,0.24623115577889446,1G,12311,1,0,0.6,244.9986739200437,3016178.674629658,3502858.1454595835,704593,3.9714631644929534,12311,4,0.17168239238063426,Closed,2113,2129
Vishakhapatnam,17.704052,83.297663,Andhra Pradesh,207,10000000,1,340.6908230183312,237.2480161816085,4495,3088,0.696373368908863,0.49748743718592964,10G,49748,1,1,1.0,157.63832469383655,7842191.376868981,9464609.553435665,237323,38.880709216703245,49748,3,0.23368828172234324,Closed,11625,11632
Vizianagaram,18.11329,83.397743,Andhra Pradesh,208,5000000,0,170.3454115091656,118.62400809080425,2247,1544,0.696373368908863,0.24623115577889446,1G,12311,0,0,0.0,219.30680776475606,2699886.110391912,3917234.8284897855,1455994,1.6904196229447275,12311,4,0.24684904352976128,Closed,3038,3045
Warangal,17.978423,79.600209,Telangana,209,500000,1,17.034541150916557,11.862400809080423,224,153,0.696373368908863,0.02010050251256281,1G,100,1,1,1.0,197.21291291530645,19721.291291530644,24002.49254183331,797432,-0.9699002641706963,100,2,0.2939780940924988,Negotiation,29,35
Jorapokhar,23.7,86.41267,Jharkhand,210,10000000,1,340.6908230183312,237.2480161816085,4495,3088,0.696373368908863,0.49748743718592964,10G,49748,1,1,1.0,205.31930124791413,10214224.598481232,14141128.190462204,317431,43.548667869433686,49748,0,0.23596631710551352,Closed,11738,11749
Brajrajnagar,21.82,83.92,Odisha,211,20000000,1,681.3816460366623,474.496032363217,8991,6178,0.696373368908863,1.0,100G,200000,1,1,1.0,183.81167088826953,36762334.17765391,48693035.38294614,396760,121.72667452098533,200000,4,0.11451571653728569,Closed,22903,22921
Talcher,20.95,85.23,Odisha,212,1000000,1,34.06908230183311,23.724801618160846,449,308,0.696373368908863,0.04522613065326632,1G,452,1,1,1.0,236.83133279063975,107047.76242136916,132276.42265209157,368172,-0.6407211231378498,452,3,0.2978622685981358,Closed,134,145
